run	valence_icc	arousal_icc	valence_z	arousal_z
run-1	-0.05177993527508093	0.0998128509045539	-0.05182628665633512	0.10014631181199962
