run	valence_icc	arousal_icc	valence_z	arousal_z	valence_corr	arousal_corr
run-1	-0.05177993527508093	0.0998128509045539	-0.05182628665633512	0.10014631181199962	-0.048921657745186364	0.10481948513286694
