	total_timepoints	n_clusters	CAP_1_frequency_pct	CAP_2_frequency_pct	CAP_3_frequency_pct	CAP_4_frequency_pct	CAP_1_transitions_out	CAP_2_transitions_out	CAP_3_transitions_out	CAP_4_transitions_out	total_transitions	overall_transition_rate
count	1.0	1.0	1.0	1.0	1.0	1.0	1.0	1.0	1.0	1.0	1.0	1.0
mean	409.0	4.0	11.98044009779951	38.87530562347188	29.584352078239608	19.559902200489	14.0	49.0	40.0	21.0	124.0	0.30317848410757947
std												
min	409.0	4.0	11.98044009779951	38.87530562347188	29.584352078239608	19.559902200489	14.0	49.0	40.0	21.0	124.0	0.30317848410757947
25%	409.0	4.0	11.98044009779951	38.87530562347188	29.584352078239608	19.559902200489	14.0	49.0	40.0	21.0	124.0	0.30317848410757947
50%	409.0	4.0	11.98044009779951	38.87530562347188	29.584352078239608	19.559902200489	14.0	49.0	40.0	21.0	124.0	0.30317848410757947
75%	409.0	4.0	11.98044009779951	38.87530562347188	29.584352078239608	19.559902200489	14.0	49.0	40.0	21.0	124.0	0.30317848410757947
max	409.0	4.0	11.98044009779951	38.87530562347188	29.584352078239608	19.559902200489	14.0	49.0	40.0	21.0	124.0	0.30317848410757947
