subject_id	optimal_k	n_timepoints	n_rois	total_transitions	transition_rate	CAP_1_fraction_time	CAP_1_persistence	CAP_1_counts	CAP_2_fraction_time	CAP_2_persistence	CAP_2_counts	CAP_3_fraction_time	CAP_3_persistence	CAP_3_counts	CAP_4_fraction_time	CAP_4_persistence	CAP_4_counts	CAP_5_fraction_time	CAP_5_persistence	CAP_5_counts	CAP_6_fraction_time	CAP_6_persistence	CAP_6_counts	CAP_7_fraction_time	CAP_7_persistence	CAP_7_counts	CAP_8_fraction_time	CAP_8_persistence	CAP_8_counts
sub-Bubbles_ses-01	8	200	268	45	0.225	0.15976270078546495	6.291136198234517	8	0.1334044009405148	6.321946960652949	14	0.13719898042840076	2.155557390967348	11	0.1601595805149151	6.248886935708629	13	0.24340596780273535	5.283393495054334	6	0.0943986342179479	7.224393837064259	11	0.22857203028720033	3.991878831807063	5	0.06526165787479143	6.6795127534406875	8
