cluster	n_timepoints	percentage
1	49	11.98044009779951
2	159	38.87530562347188
3	121	29.584352078239608
4	80	19.559902200489
