	CAP_1	CAP_2	CAP_3	CAP_4
Visual	-1.5280455	0.32727677	-0.58494383	1.1701928
Somatomotor	-1.605311	0.2534165	-0.6160234	1.4113231
Dorsal Attention	-1.6191722	0.26879936	-0.5995099	1.3642629
Ventral Attention	-1.6240579	0.25573093	-0.5712567	1.3504959
Limbic	-1.3760226	0.24353771	-0.47171625	1.0722531
Frontoparietal	-1.5096294	0.225955	-0.5340619	1.2833309
Default Mode	-1.6195223	0.2919014	-0.6152581	1.3423816
