	CAP_1	CAP_2	CAP_3	CAP_4	CAP_5
Visual	0.24565908	-1.5280455	1.5664889	-0.64092284	0.7715039
Somatomotor	0.09839571	-1.605311	1.9030256	-0.6393037	0.9237854
Dorsal Attention	0.12811153	-1.6191722	1.8391352	-0.6307507	0.8969755
Ventral Attention	0.10371149	-1.6240579	1.8516518	-0.59379065	0.8854233
Limbic	0.13576113	-1.3760226	1.446779	-0.5053107	0.7215696
Frontoparietal	0.08696145	-1.5096294	1.8124689	-0.56237644	0.8192519
Default Mode	0.15069048	-1.6195223	1.7898339	-0.6557069	0.91166556
