cluster	n_timepoints	percentage
1	133	32.51833740831296
2	49	11.98044009779951
3	30	7.334963325183375
4	111	27.139364303178482
5	86	21.026894865525673
